[
  {
    "author": "Gambardella, Matthew",
    "title": "XML Developer's Guide",
    "genre": "Computer",
    "description": "An in-depth look at creating applications with XML.",
    "id": "bk101"
  },
  {
    "author": "Ralls, Kim",
    "title": "Midnight Rain",
    "genre": "Fantasy",
    "description": "A former architect battles corporate zombies, an evil sorceress, and her own childhood to become queen of the world.",
    "id": "bk102"
  },
  {
    "author": "Corets, Eva",
    "title": "Maeve Ascendant",
    "genre": "Fantasy",
    "description": "After the collapse of a nanotechnology society in England, the young survivors lay the foundation for a new society.",
    "id": "bk103"
  },
  {
    "author": "Corets, Eva",
    "title": "Oberon's Legacy",
    "genre": "Fantasy",
    "description": "In post-apocalypse England, the mysterious agent known only as Oberon helps to create a new life for the inhabitants of London. Sequel to Maeve Ascendant.",
    "id": "bk104"
  },
  {
    "author": "Corets, Eva",
    "title": "The Sundered Grail",
    "genre": "Fantasy",
    "description": "The two daughters of Maeve, half-sisters, battle one another for control of England. Sequel to Oberon's Legacy.",
    "id": "bk105"
  },
  {
    "author": "Randall, Cynthia",
    "title": "Lover Birds",
    "genre": "Romance",
    "description": "When Carla meets Paul at an ornithology conference, tempers fly as feathers get ruffled.",
    "id": "bk106"
  },
  {
    "author": "Thurman, Paula",
    "title": "Splish Splash",
    "genre": "Romance",
    "description": "A deep sea diver finds true love twenty thousand leagues beneath the sea.",
    "id": "bk107"
  },
  {
    "author": "Knorr, Stefan",
    "title": "Creepy Crawlies",
    "genre": "Horror",
    "description": "An anthology of horror stories about roaches, centipedes, scorpions and other insects.",
    "id": "bk108"
  },
  {
    "author": "Kress, Peter",
    "title": "Paradox Lost",
    "genre": "Science Fiction",
    "description": "After an inadvertant trip through a Heisenberg Uncertainty Device, James Salway discovers the problems of being quantum.",
    "id": "bk109"
  },
  {
    "author": "O'Brien, Tim",
    "title": "Microsoft .NET: The Programming Bible",
    "genre": "Computer",
    "description": "Microsoft's .NET initiative is explored in detail in this deep programmer's reference.",
    "id": "bk110"
  },
  {
    "author": "O'Brien, Tim",
    "title": "MSXML3: A Comprehensive Guide",
    "genre": "Computer",
    "description": "The Microsoft MSXML3 parser is covered in detail, with attention to XML DOM interfaces, XSLT processing, SAX and more.",
    "id": "bk111"
  },
  {
    "author": "Galos, Mike",
    "title": "Visual Studio 7: A Comprehensive Guide",
    "genre": "Computer",
    "description": "Microsoft Visual Studio 7 is explored in depth, looking at how Visual Basic, Visual C++, C#, and ASP+ are integrated into a comprehensive development environment.",
    "id": "bk112"
  }
]